Country |  Year |  HDI_rank |  HDI_value |  Number_of_cases |  Detection_rate
Norway |  1990 |  1 |  0.849 |  87 [77-99] |  285
Norway |  2000 |  1 |  0.917 |  87 [77-99] |  221
Norway |  2010 |  1 |  0.940 |  87 [77-99] |  297
Norway |  2011 |  1 |  0.941 |  87 [77-99] |  324
Australia |  1990 |  2 |  0.865 |  87 [77-99] |  1016
Australia |  2000 |  2 |  0.898 |  87 [77-99] |  1043
Australia |  2010 |  2 |  0.927 |  87 [77-99] |  1257
Australia |  2011 |  2 |  0.930 |  87 [77-99] |  1239
Australia |  2012 |  2 |  0.932 |  87 [77-99] |  1305
Switzerland |  1990 |  3 |  0.831 |  87 [77-99] |  1278
Switzerland |  2000 |  3 |  0.888 |  87 [77-99] |  577
Switzerland |  2010 |  3 |  0.924 |  87 [77-99] |  508
Switzerland |  2011 |  3 |  0.925 |  87 [77-99] |  524
Switzerland |  2012 |  3 |  0.927 |  87 [77-99] |  416
Denmark |  1990 |  4 |  0.799 |  87 [77-99] |  350
Denmark |  2000 |  4 |  0.862 |  87 [77-99] |  587
Denmark |  2010 |  4 |  0.908 |  87 [77-99] |  313
Denmark |  2011 |  4 |  0.920 |  87 [77-99] |  359
Netherlands |  1990 |  5 |  0.829 |  87 [77-99] |  1369
Netherlands |  2000 |  5 |  0.877 |  87 [77-99] |  1244
Netherlands |  2010 |  5 |  0.909 |  87 [77-99] |  1046
Netherlands |  2011 |  5 |  0.919 |  87 [77-99] |  981
Netherlands |  2012 |  5 |  0.920 |  87 [77-99] |  920
Germany |  1990 |  6 |  0.801 |  87 [77-99] |  14653
Germany |  2000 |  6 |  0.855 |  87 [77-99] |  9064
Germany |  2010 |  6 |  0.906 |  87 [77-99] |  4059
Germany |  2011 |  6 |  0.911 |  87 [77-99] |  4089
Germany |  2012 |  6 |  0.915 |  87 [77-99] |  4043
Ireland |  1990 |  6 |  0.770 |  87 [77-99] |  624
Ireland |  2000 |  6 |  0.861 |  87 [77-99] |  386
Ireland |  2010 |  6 |  0.908 |  87 [77-99] |  396
Ireland |  2011 |  6 |  0.909 |  87 [77-99] |  398
Ireland |  2012 |  6 |  0.910 |  87 [77-99] |  341
United States of America |  1990 |  8 |  0.859 |  87 [77-99] |  25701
United States of America |  2000 |  8 |  0.883 |  87 [77-99] |  16310
United States of America |  2010 |  8 |  0.909 |  87 [77-99] |  11181
United States of America |  2011 |  8 |  0.911 |  87 [77-99] |  10521
United States of America |  2012 |  8 |  0.912 |  87 [77-99] |  9945
Canada |  1990 |  9 |  0.849 |  87 [77-99] |  1997
Canada |  2000 |  9 |  0.867 |  87 [77-99] |  1723
Canada |  2010 |  9 |  0.903 |  87 [77-99] |  1361
Canada |  2011 |  9 |  0.909 |  87 [77-99] |  1430
Canada |  2012 |  9 |  0.910 |  100 [91-120] |  1653
New Zealand |  1990 |  9 |  0.820 |  87 [77-99] |  348
New Zealand |  2000 |  9 |  0.874 |  87 [77-99] |  344
New Zealand |  2010 |  9 |  0.905 |  87 [77-99] |  301
New Zealand |  2011 |  9 |  0.907 |  87 [77-99] |  305
New Zealand |  2012 |  9 |  0.909 |  87 [77-99] |  293
Singapore |  1990 |  11 |  0.718 |  87 [77-99] |  1591
Singapore |  2000 |  11 |  0.819 |  87 [77-99] |  1728
Singapore |  2010 |  11 |  0.897 |  87 [77-99] |  1560
Singapore |  2011 |  11 |  0.903 |  87 [77-99] |  1641
Singapore |  2012 |  11 |  0.905 |  87 [77-99] |  2301
China |  1990 |  12 |  0.781 |  21 [17-27] |  375481
China |  2000 |  12 |  0.825 |  33 [28-38] |  454372
China |  2010 |  12 |  0.898 |  86 [76-98] |  908399
China |  2011 |  12 |  0.902 |  88 [78-100] |  899669
China |  2012 |  12 |  0.906 |  89 [79-100] |  890645
Sweden |  1990 |  14 |  0.815 |  87 [77-99] |  557
Sweden |  2000 |  14 |  0.897 |  87 [77-99] |  417
Sweden |  2010 |  14 |  0.901 |  87 [77-99] |  623
Sweden |  2011 |  14 |  0.903 |  87 [77-99] |  544
Sweden |  2012 |  14 |  0.904 |  87 [77-99] |  593
United Kingdom |  1990 |  14 |  0.773 |  89 [84-95] |  5908
United Kingdom |  2000 |  14 |  0.865 |  89 [84-95] |  6220
United Kingdom |  2010 |  14 |  0.906 |  89 [84-95] |  7907
United Kingdom |  2011 |  14 |  0.901 |  89 [84-95] |  8439
United Kingdom |  2012 |  14 |  0.901 |  88 [82-94] |  8269
Iceland |  1990 |  16 |  0.802 |  87 [77-99] |  18
Iceland |  2000 |  16 |  0.859 |  87 [77-99] |  13
Iceland |  2010 |  16 |  0.892 |  87 [77-99] |  22
Iceland |  2011 |  16 |  0.896 |  87 [77-99] |  8
Iceland |  2012 |  16 |  0.897 |  87 [77-99] |  10
Democratic People's Republic of Korea |  2000 |  17 |  0.821 |  39 [25-68] |  34131
Democratic People's Republic of Korea |  2010 |  17 |  0.886 |  87 [78-99] |  84648
Democratic People's Republic of Korea |  2011 |  17 |  0.891 |  92 [85-100] |  91433
Democratic People's Republic of Korea |  2012 |  17 |  0.893 |  91 [83-100] |  91885
Israel |  1990 |  18 |  0.785 |  87 [77-99] |  234
Israel |  2000 |  18 |  0.850 |  87 [77-99] |  537
Israel |  2010 |  18 |  0.883 |  87 [77-99] |  340
Israel |  2011 |  18 |  0.888 |  87 [77-99] |  412
Israel |  2012 |  18 |  0.890 |  87 [77-99] |  506
Luxembourg |  1990 |  19 |  0.779 |  87 [77-99] |  48
Luxembourg |  2000 |  19 |  0.851 |  87 [77-99] |  44
Luxembourg |  2010 |  19 |  0.886 |  87 [77-99] |  29
Luxembourg |  2011 |  19 |  0.888 |  87 [77-99] |  25
Luxembourg |  2012 |  19 |  0.888 |  130 [120-150] |  45
Japan |  1990 |  20 |  0.814 |  87 [77-99] |  51821
Japan |  2000 |  20 |  0.857 |  87 [77-99] |  39384
Japan |  2010 |  20 |  0.884 |  87 [77-99] |  22693
Japan |  2011 |  20 |  0.886 |  87 [77-99] |  22119
Japan |  2012 |  20 |  0.888 |  86 [76-98] |  20857
Belgium |  1990 |  21 |  0.806 |  87 [77-99] |  1577
Belgium |  2000 |  21 |  0.874 |  87 [77-99] |  1278
Belgium |  2010 |  21 |  0.883 |  87 [77-99] |  1028
Belgium |  2011 |  21 |  0.886 |  87 [77-99] |  985
Belgium |  2012 |  21 |  0.889 |  85 [75-97] |  909
France |  1990 |  22 |  0.779 |  80 [75-85] |  9030
France |  2000 |  22 |  0.848 |  80 [75-85] |  6122
France |  2010 |  22 |  0.881 |  80 [75-85] |  4801
France |  2011 |  22 |  0.884 |  80 [75-85] |  4681
Austria |  1990 |  23 |  0.794 |  87 [77-99] |  1521
Austria |  2000 |  23 |  0.836 |  87 [77-99] |  1185
Austria |  2010 |  23 |  0.879 |  87 [77-99] |  659
Austria |  2011 |  23 |  0.881 |  87 [77-99] |  671
Austria |  2012 |  23 |  0.884 |  93 [82-110] |  620
Finland |  1990 |  24 |  0.783 |  87 [77-99] |  772
Finland |  2000 |  24 |  0.857 |  87 [77-99] |  527
Finland |  2010 |  24 |  0.878 |  87 [77-99] |  312
Finland |  2011 |  24 |  0.881 |  87 [77-99] |  312
Finland |  2012 |  24 |  0.882 |  87 [77-99] |  261
Slovenia |  1990 |  25 |  0.766 |  87 [77-99] |  722
Slovenia |  2000 |  25 |  0.824 |  87 [77-99] |  368
Slovenia |  2010 |  25 |  0.876 |  87 [77-99] |  169
Slovenia |  2011 |  25 |  0.877 |  87 [77-99] |  181
Slovenia |  2012 |  25 |  0.878 |  87 [77-99] |  134
Spain |  1990 |  26 |  0.756 |  87 [77-99] |  7600
Spain |  2000 |  26 |  0.827 |  87 [77-99] |  7993
Spain |  2010 |  26 |  0.867 |  87 [77-99] |  6765
Spain |  2011 |  26 |  0.870 |  87 [77-99] |  6392
Spain |  2012 |  26 |  0.874 |  87 [77-99] |  5677
Italy |  1990 |  27 |  0.766 |  87 [77-99] |  4246
Italy |  2000 |  27 |  0.829 |  87 [77-99] |  3501
Italy |  2010 |  27 |  0.869 |  87 [77-99] |  3175
Italy |  2011 |  27 |  0.873 |  87 [77-99] |  3421
Czech Republic |  1990 |  28 |  0.761 |  87 [77-99] |  1937
Czech Republic |  2000 |  28 |  0.821 |  87 [77-99] |  1414
Czech Republic |  2010 |  28 |  0.863 |  87 [77-99] |  627
Czech Republic |  2011 |  28 |  0.866 |  87 [77-99] |  569
Czech Republic |  2012 |  28 |  0.867 |  99 [88-110] |  565
Greece |  1990 |  29 |  0.759 |  87 [77-99] |  877
Greece |  2000 |  29 |  0.799 |  87 [77-99] |  703
Greece |  2010 |  29 |  0.866 |  87 [77-99] |  445
Greece |  2011 |  29 |  0.864 |  87 [77-99] |  454
Estonia |  1990 |  30 |  0.726 |  87 [77-99] |  423
Estonia |  2000 |  30 |  0.780 |  87 [77-99] |  791
Estonia |  2010 |  30 |  0.838 |  87 [77-99] |  283
Estonia |  2011 |  30 |  0.849 |  87 [77-99] |  296
Estonia |  2012 |  30 |  0.855 |  87 [77-99] |  259
Brunei Darussalam |  1990 |  31 |  0.782 |  87 [77-99] |  143
Brunei Darussalam |  2000 |  31 |  0.819 |  87 [77-99] |  307
Brunei Darussalam |  2010 |  31 |  0.843 |  87 [77-99] |  237
Brunei Darussalam |  2011 |  31 |  0.847 |  87 [77-99] |  230
Brunei Darussalam |  2012 |  31 |  0.852 |  87 [77-99] |  243
Cyprus |  1990 |  32 |  0.733 |  87 [77-99] |  29
Cyprus |  2000 |  32 |  0.800 |  87 [77-99] |  33
Cyprus |  2010 |  32 |  0.848 |  87 [77-99] |  61
Cyprus |  2011 |  32 |  0.852 |  87 [77-99] |  51
Cyprus |  2012 |  32 |  0.852 |  100 [92-120] |  63
Qatar |  1990 |  32 |  0.754 |  87 [77-99] |  184
Qatar |  2000 |  32 |  0.809 |  87 [77-99] |  279
Qatar |  2010 |  32 |  0.844 |  87 [77-99] |  580
Qatar |  2011 |  32 |  0.841 |  87 [77-99] |  553
Qatar |  2012 |  32 |  0.848 |  87 [77-99] |  728
Andorra |  1990 |  34 |   |  87 [77-99] |  23
Andorra |  2000 |  34 |   |  87 [77-99] |  12
Andorra |  2010 |  34 |  0.823 |  87 [77-99] |  7
Andorra |  2011 |  34 |  0.821 |  87 [77-99] |  3
Andorra |  2012 |  34 |  0.844 |  87 [77-99] |  9
Slovakia |  1990 |  35 |  0.738 |  87 [77-99] |  1448
Slovakia |  2000 |  35 |  0.763 |  87 [77-99] |  1010
Slovakia |  2010 |  35 |  0.827 |  87 [77-99] |  409
Slovakia |  2011 |  35 |  0.832 |  87 [77-99] |  378
Slovakia |  2012 |  35 |  0.836 |  87 [77-99] |  321
Poland |  1990 |  36 |  0.713 |  87 [77-99] |  16136
Poland |  2000 |  36 |  0.786 |  87 [77-99] |  10931
Poland |  2010 |  36 |  0.829 |  87 [77-99] |  7002
Poland |  2011 |  36 |  0.833 |  87 [77-99] |  7946
Poland |  2012 |  36 |  0.838 |  87 [77-99] |  7054
Lithuania |  1990 |  37 |  0.730 |  90 [77-110] |  1471
Lithuania |  2000 |  37 |  0.754 |  74 [66-83] |  2657
Lithuania |  2010 |  37 |  0.827 |  79 [69-90] |  1751
Lithuania |  2011 |  37 |  0.831 |  83 [73-95] |  1748
Lithuania |  2012 |  37 |  0.833 |  82 [72-93] |  1635
Malta |  1990 |  37 |  0.729 |  87 [77-99] |  13
Malta |  2000 |  37 |  0.766 |  87 [77-99] |  16
Malta |  2010 |  37 |  0.824 |  87 [77-99] |  29
Malta |  2011 |  37 |  0.822 |  87 [77-99] |  30
Malta |  2012 |  37 |  0.830 |  87 [77-99] |  42
Saudi Arabia |  1990 |  39 |  0.690 |  87 [77-99] |  2415
Saudi Arabia |  2000 |  39 |  0.744 |  87 [77-99] |  3452
Saudi Arabia |  2010 |  39 |  0.805 |  87 [77-99] |  4465
Saudi Arabia |  2011 |  39 |  0.816 |  87 [77-99] |  3932
Saudi Arabia |  2012 |  39 |  0.826 |  87 [77-99] |  3690
Argentina |  1990 |  40 |  0.705 |  63 [44-97] |  12309
Argentina |  2000 |  40 |  0.762 |  79 [66-96] |  11767
Argentina |  2010 |  40 |  0.811 |  67 [56-80] |  7336
Argentina |  2011 |  40 |  0.818 |  91 [76-110] |  9733
Argentina |  2012 |  40 |  0.831 |  84 [71-100] |  8758
United Arab Emirates |  1990 |  41 |  0.726 |  130 [100-180] |  285
United Arab Emirates |  2000 |  41 |  0.797 |  32 [24-44] |  115
United Arab Emirates |  2010 |  41 |  0.828 |  50 [38-69] |  131
United Arab Emirates |  2011 |  41 |  0.829 |  50 [38-69] |  103
United Arab Emirates |  2012 |  41 |  0.831 |  50 [38-69] |  79
Chile |  1990 |  42 |  0.699 |  87 [77-99] |  6151
Chile |  2000 |  42 |  0.752 |  87 [77-99] |  3021
Chile |  2010 |  42 |  0.814 |  87 [77-99] |  2376
Chile |  2011 |  42 |  0.821 |  87 [77-99] |  2450
Chile |  2012 |  42 |  0.827 |  87 [77-99] |  2394
Portugal |  1990 |  43 |  0.710 |  87 [77-99] |  6214
Portugal |  2000 |  43 |  0.782 |  87 [77-99] |  4227
Portugal |  2010 |  43 |  0.819 |  87 [77-99] |  2487
Portugal |  2011 |  43 |  0.825 |  87 [77-99] |  2406
Portugal |  2012 |  43 |  0.827 |  89 [79-100] |  2490
Hungary |  1990 |  44 |  0.703 |  90 [79-100] |  3588
Hungary |  2000 |  44 |  0.769 |  81 [71-92] |  3073
Hungary |  2010 |  44 |  0.821 |  90 [79-100] |  1543
Hungary |  2011 |  44 |  0.823 |  72 [63-82] |  1279
Hungary |  2012 |  44 |  0.823 |  65 [57-75] |  1159
Bahrain |  1990 |  45 |  0.746 |  87 [77-99] |  117
Bahrain |  2000 |  45 |  0.794 |  87 [77-99] |  207
Bahrain |  2010 |  45 |  0.819 |  87 [77-99] |  246
Bahrain |  2011 |  45 |  0.817 |  87 [77-99] |  225
Bahrain |  2012 |  45 |  0.819 |  87 [77-99] |  225
Latvia |  1990 |  46 |  0.692 |  59 [52-68] |  906
Latvia |  2000 |  46 |  0.727 |  69 [61-79] |  1982
Latvia |  2010 |  46 |  0.811 |  87 [78-98] |  913
Latvia |  2011 |  46 |  0.812 |  87 [78-97] |  864
Latvia |  2012 |  46 |  0.813 |  87 [80-95] |  959
Croatia |  1990 |  47 |  0.670 |  87 [77-99] |  2576
Croatia |  2000 |  47 |  0.749 |  87 [77-99] |  1630
Croatia |  2010 |  47 |  0.807 |  87 [77-99] |  688
Croatia |  2011 |  47 |  0.814 |  87 [77-99] |  619
Kuwait |  1990 |  48 |  0.715 |  87 [77-99] |  277
Kuwait |  2000 |  48 |  0.804 |  87 [77-99] |  513
Kuwait |  2010 |  48 |  0.809 |  87 [77-99] |  957
Kuwait |  2011 |  48 |  0.812 |  87 [77-99] |  672
Kuwait |  2012 |  48 |  0.815 |  87 [77-99] |  737
Montenegro |  2010 |  49 |  0.792 |  87 [78-98] |  110
Montenegro |  2011 |  49 |  0.798 |  87 [78-97] |  110
Montenegro |  2012 |  49 |  0.798 |  87 [78-97] |  98
Belarus |  1990 |  50 |   |  86 [70-110] |  3039
Belarus |  2000 |  50 |  0.683 |  81 [68-98] |  6799
Belarus |  2010 |  50 |  0.786 |  76 [63-96] |  5098
Belarus |  2011 |  50 |  0.793 |  71 [59-87] |  4697
Belarus |  2012 |  50 |  0.796 |  72 [60-89] |  4783
Russian Federation |  1990 |  50 |  0.729 |  73 [62-86] |  50641
Russian Federation |  2000 |  50 |  0.717 |  75 [65-89] |  140677
Russian Federation |  2010 |  50 |  0.783 |  83 [71-98] |  125310
Russian Federation |  2011 |  50 |  0.790 |  81 [69-95] |  112910
Russian Federation |  2012 |  50 |  0.795 |  81 [70-96] |  105753
Oman |  1990 |  52 |   |  87 [77-99] |  482
Oman |  2000 |  52 |   |  87 [77-99] |  321
Oman |  2010 |  52 |  0.795 |  87 [77-99] |  308
Oman |  2011 |  52 |  0.793 |  87 [77-99] |  337
Oman |  2012 |  52 |  0.793 |  87 [77-99] |  382
Romania |  1990 |  52 |  0.703 |  48 [40-58] |  16256
Romania |  2000 |  52 |  0.706 |  68 [57-82] |  27470
Romania |  2010 |  52 |  0.784 |  77 [65-94] |  18379
Romania |  2011 |  52 |  0.786 |  77 [64-93] |  16992
Romania |  2012 |  52 |  0.788 |  79 [66-95] |  16036
Uruguay |  1990 |  52 |  0.692 |  87 [77-99] |  886
Uruguay |  2000 |  52 |  0.742 |  87 [77-99] |  645
Uruguay |  2010 |  52 |  0.780 |  87 [77-99] |  699
Uruguay |  2011 |  52 |  0.784 |  87 [77-99] |  817
Uruguay |  2012 |  52 |  0.788 |  87 [77-99] |  808
Bahamas |  1990 |  55 |   |  87 [77-99] |  46
Bahamas |  2000 |  55 |  0.778 |  87 [77-99] |  82
Bahamas |  2010 |  55 |  0.774 |  87 [77-99] |  31
Bahamas |  2011 |  55 |  0.778 |  87 [77-99] |  41
Bahamas |  2012 |  55 |  0.783 |  87 [77-99] |  32
Kazakhstan |  1990 |  56 |  0.690 |  86 [74-100] |  10969
Kazakhstan |  2000 |  56 |  0.679 |  50 [43-60] |  25843
Kazakhstan |  2010 |  56 |  0.766 |  81 [69-96] |  23399
Kazakhstan |  2011 |  56 |  0.772 |  81 [69-96] |  25074
Kazakhstan |  2012 |  56 |  0.778 |  81 [69-96] |  18006
Barbados |  1990 |  57 |  0.716 |  87 [77-99] |  5
Barbados |  2000 |  57 |  0.753 |  87 [77-99] |  3
Barbados |  2010 |  57 |  0.780 |  87 [77-99] |  6
Barbados |  2012 |  57 |  0.793 |  87 [77-99] |  4
Antigua and Barbuda |  1990 |  58 |   |  87 [77-99] |  1
Antigua and Barbuda |  2000 |  58 |   |  87 [77-99] |  4
Antigua and Barbuda |  2010 |  58 |  0.782 |  87 [77-99] |  7
Antigua and Barbuda |  2011 |  58 |  0.778 |  87 [77-99] |  6
Antigua and Barbuda |  2012 |  58 |  0.781 |  87 [77-99] |  3
Bulgaria |  1990 |  59 |  0.695 |  78 [68-89] |  2256
Bulgaria |  2000 |  59 |  0.713 |  72 [64-83] |  3349
Bulgaria |  2010 |  59 |  0.773 |  86 [75-98] |  2412
Bulgaria |  2011 |  59 |  0.775 |  85 [74-97] |  2172
Bulgaria |  2012 |  59 |  0.778 |  90 [79-100] |  2081
Palau |  2010 |  60 |  0.767 |  80 [66-98] |  19
Palau |  2011 |  60 |  0.770 |  80 [66-98] |  12
Palau |  2012 |  60 |  0.775 |  80 [66-98] |  4
Panama |  1990 |  60 |  0.656 |  72 [52-100] |  846
Panama |  2000 |  60 |  0.714 |  81 [68-97] |  1169
Panama |  2010 |  60 |  0.761 |  85 [76-97] |  1496
Panama |  2011 |  60 |  0.759 |  88 [78-100] |  1571
Panama |  2012 |  60 |  0.772 |  84 [75-95] |  1520
Malaysia |  1990 |  62 |  0.641 |  51 [45-57] |  11702
Malaysia |  2000 |  62 |  0.723 |  68 [62-75] |  15057
Malaysia |  2010 |  62 |  0.769 |  80 [74-87] |  18517
Malaysia |  2011 |  62 |  0.772 |  85 [78-93] |  19808
Malaysia |  2012 |  62 |  0.774 |  93 [85-100] |  21851
Mauritius |  1990 |  63 |  0.619 |  41 [28-66] |  119
Mauritius |  2000 |  63 |  0.674 |  55 [46-68] |  160
Mauritius |  2010 |  63 |  0.756 |  46 [39-56] |  122
Mauritius |  2011 |  63 |  0.762 |  43 [36-53] |  114
Mauritius |  2012 |  63 |  0.772 |  49 [41-60] |  128
Seychelles |  1990 |  64 |   |  140 [92-220] |  41
Seychelles |  2000 |  64 |  0.715 |  69 [57-84] |  20
Seychelles |  2010 |  64 |  0.743 |  61 [51-74] |  17
Seychelles |  2011 |  64 |  0.752 |  76 [64-92] |  21
Seychelles |  2012 |  64 |  0.761 |  73 [61-88] |  20
Trinidad and Tobago |  1990 |  64 |  0.673 |  87 [77-99] |  120
Trinidad and Tobago |  2000 |  64 |  0.717 |  87 [77-99] |  198
Trinidad and Tobago |  2010 |  64 |  0.772 |  87 [77-99] |  219
Trinidad and Tobago |  2011 |  64 |  0.767 |  87 [77-99] |  224
Trinidad and Tobago |  2012 |  64 |  0.769 |  87 [77-99] |  274
Serbia |  2010 |  66 |  0.757 |  87 [77-100] |  2333
Serbia |  2011 |  66 |  0.761 |  87 [77-100] |  2174
Serbia |  2012 |  66 |  0.762 |  87 [77-100] |  1872
Cuba |  1990 |  67 |  0.675 |  21 [14-34] |  546
Cuba |  2000 |  67 |  0.685 |  82 [67-100] |  1183
Cuba |  2010 |  67 |  0.778 |  79 [65-99] |  827
Cuba |  2011 |  67 |  0.776 |  77 [63-97] |  805
Cuba |  2012 |  67 |  0.772 |  70 [57-88] |  734
Lebanon |  2000 |  67 |   |  100 [90-120] |  571
Lebanon |  2010 |  67 |  0.756 |  85 [75-97] |  513
Lebanon |  2011 |  67 |  0.761 |  74 [65-84] |  496
Lebanon |  2012 |  67 |  0.761 |  86 [76-99] |  630
Costa Rica |  1990 |  69 |  0.652 |  16 [14-18] |  230
Costa Rica |  2000 |  69 |  0.704 |  43 [38-49] |  585
Costa Rica |  2010 |  69 |  0.750 |  75 [67-86] |  492
Costa Rica |  2011 |  69 |  0.756 |  88 [78-100] |  514
Costa Rica |  2012 |  69 |  0.761 |  93 [82-110] |  475
Iran (Islamic Republic of) |  1990 |  69 |  0.567 |  53 [40-72] |  9255
Iran (Islamic Republic of) |  2000 |  69 |  0.665 |  70 [53-96] |  11850
Iran (Islamic Republic of) |  2010 |  69 |  0.743 |  70 [53-96] |  10362
Iran (Islamic Republic of) |  2011 |  69 |  0.751 |  70 [53-96] |  10980
Iran (Islamic Republic of) |  2012 |  69 |  0.764 |  70 [52-97] |  11042
Venezuela (Bolivarian Republic of) |  1990 |  71 |  0.635 |  78 [58-110] |  5457
Venezuela (Bolivarian Republic of) |  2000 |  71 |  0.673 |  77 [64-95] |  6466
Venezuela (Bolivarian Republic of) |  2010 |  71 |  0.757 |  67 [56-81] |  6451
Venezuela (Bolivarian Republic of) |  2011 |  71 |  0.761 |  64 [54-78] |  6282
Venezuela (Bolivarian Republic of) |  2012 |  71 |  0.764 |  65 [55-79] |  6495
Turkey |  1990 |  72 |  0.576 |  87 [77-99] |  24468
Turkey |  2000 |  72 |  0.653 |  87 [77-99] |  18038
Turkey |  2010 |  72 |  0.738 |  87 [77-99] |  15879
Turkey |  2011 |  72 |  0.751 |  87 [77-99] |  15054
Turkey |  2012 |  72 |  0.756 |  87 [77-99] |  14139
Sri Lanka |  1990 |  73 |  0.620 |  58 [40-92] |  6666
Sri Lanka |  2000 |  73 |  0.679 |  67 [56-83] |  8413
Sri Lanka |  2010 |  73 |  0.738 |  72 [61-88] |  9934
Sri Lanka |  2011 |  73 |  0.743 |  73 [62-89] |  10181
Sri Lanka |  2012 |  73 |  0.749 |  66 [55-80] |  9155
Mexico |  1990 |  74 |  0.648 |  25 [22-29] |  14437
Mexico |  2000 |  74 |  0.699 |  58 [50-67] |  18434
Mexico |  2010 |  74 |  0.746 |  77 [66-89] |  20155
Mexico |  2011 |  74 |  0.748 |  73 [63-86] |  19857
Mexico |  2012 |  74 |  0.754 |  75 [64-87] |  20470
Brazil |  1990 |  75 |  0.608 |  60 [41-94] |  74570
Brazil |  2000 |  75 |  0.683 |  74 [62-91] |  77899
Brazil |  2010 |  75 |  0.737 |  82 [69-99] |  74395
Brazil |  2011 |  75 |  0.742 |  82 [69-99] |  77647
Brazil |  2012 |  75 |  0.746 |  82 [69-99] |  75122
Georgia |  1990 |  76 |   |  10 [9-11] |  1537
Georgia |  2000 |  76 |  0.672 |  36 [32-41] |  4397
Georgia |  2010 |  76 |  0.735 |  83 [75-94] |  4678
Georgia |  2011 |  76 |  0.740 |  83 [74-93] |  4547
Georgia |  2012 |  76 |  0.747 |  78 [70-88] |  3940
Saint Kitts and Nevis |  2010 |  77 |  0.739 |  87 [77-99] |  2
Saint Kitts and Nevis |  2011 |  77 |  0.741 |  87 [77-99] |  1
Saint Kitts and Nevis |  2012 |  77 |  0.743 |  87 [77-99] |  2
Azerbaijan |  1990 |  78 |   |  12 [10-14] |  2620
Azerbaijan |  2000 |  78 |  0.640 |  9.4 [7.9-11] |  5187
Azerbaijan |  2010 |  78 |  0.741 |  64 [53-77] |  7550
Azerbaijan |  2011 |  78 |  0.742 |  88 [74-110] |  9146
Azerbaijan |  2012 |  78 |  0.745 |  72 [60-87] |  6363
Grenada |  1990 |  79 |   |  0 [0-0] |  0
Grenada |  2000 |  79 |   |  0 [0-0] |  0
Grenada |  2010 |  79 |  0.737 |  93 [78-110] |  4
Grenada |  2011 |  79 |  0.739 |  46 [39-56] |  2
Grenada |  2012 |  79 |  0.740 |  23 [19-28] |  1
Jordan |  1990 |  80 |  0.623 |  91 [80-100] |  439
Jordan |  2000 |  80 |  0.705 |  80 [70-91] |  306
Jordan |  2010 |  80 |  0.743 |  83 [74-95] |  338
Jordan |  2011 |  80 |  0.743 |  81 [72-93] |  328
Jordan |  2012 |  80 |  0.746 |  82 [72-93] |  331
The former Yugoslav Republic of Macedonia |  2000 |  81 |   |  75 [63-92] |  641
The former Yugoslav Republic of Macedonia |  2010 |  81 |  0.738 |  87 [75-100] |  384
The former Yugoslav Republic of Macedonia |  2011 |  81 |  0.742 |  81 [70-94] |  335
The former Yugoslav Republic of Macedonia |  2012 |  81 |  0.743 |  89 [78-100] |  346
Ukraine |  1990 |  81 |  0.705 |  71 [60-86] |  16465
Ukraine |  2000 |  81 |  0.668 |  62 [52-75] |  32945
Ukraine |  2010 |  81 |  0.732 |  70 [60-83] |  33857
Ukraine |  2011 |  81 |  0.738 |  75 [63-90] |  34237
Ukraine |  2012 |  81 |  0.743 |  96 [81-120] |  40990
Algeria |  1990 |  83 |  0.574 |  67 [52-92] |  11607
Algeria |  2000 |  83 |  0.640 |  67 [52-92] |  18572
Algeria |  2010 |  83 |  0.725 |  67 [51-91] |  22336
Algeria |  2011 |  83 |  0.730 |  63 [48-87] |  21429
Algeria |  2012 |  83 |  0.732 |  64 [49-87] |  21880
Peru |  1990 |  84 |  0.613 |  55 [37-89] |  37905
Peru |  2000 |  84 |  0.677 |  81 [67-98] |  38661
Peru |  2010 |  84 |  0.718 |  100 [88-110] |  31073
Peru |  2011 |  84 |  0.722 |  100 [93-120] |  31241
Peru |  2012 |  84 |  0.728 |  100 [92-120] |  29760
Albania |  1990 |  85 |  0.624 |  78 [59-110] |  653
Albania |  2000 |  85 |  0.656 |  81 [69-95] |  604
Albania |  2010 |  85 |  0.722 |  81 [69-95] |  431
Albania |  2011 |  85 |  0.728 |  81 [69-95] |  422
Albania |  2012 |  85 |  0.729 |  81 [69-95] |  408
Armenia |  1990 |  85 |  0.632 |  94 [73-130] |  590
Armenia |  2000 |  85 |  0.648 |  71 [63-81] |  1333
Armenia |  2010 |  85 |  0.721 |  76 [65-90] |  1410
Armenia |  2011 |  85 |  0.723 |  78 [65-94] |  1261
Armenia |  2012 |  85 |  0.728 |  79 [67-95] |  1213
Bosnia and Herzegovina |  1990 |  85 |   |  96 [65-160] |  4073
Bosnia and Herzegovina |  2000 |  85 |   |  100 [86-130] |  2476
Bosnia and Herzegovina |  2010 |  85 |  0.710 |  69 [60-81] |  1321
Bosnia and Herzegovina |  2011 |  85 |  0.724 |  72 [63-84] |  1360
Bosnia and Herzegovina |  2012 |  85 |  0.726 |  76 [66-88] |  1409
Ecuador |  1990 |  88 |  0.645 |  47 [32-76] |  8243
Ecuador |  2000 |  88 |  0.674 |  52 [43-63] |  6908
Ecuador |  2010 |  88 |  0.717 |  50 [42-60] |  4832
Ecuador |  2011 |  88 |  0.723 |  54 [45-66] |  5106
Ecuador |  2012 |  88 |  0.727 |  60 [50-73] |  5456
Saint Lucia |  1990 |  89 |   |  61 [54-70] |  13
Saint Lucia |  2000 |  89 |  0.683 |  49 [43-56] |  9
Saint Lucia |  2010 |  89 |  0.730 |  73 [65-84] |  9
Saint Lucia |  2011 |  89 |  0.730 |  76 [67-87] |  7
Saint Lucia |  2012 |  89 |  0.730 |  180 [160-210] |  11
China |  1990 |  90 |  0.501 |  21 [17-27] |  375481
China |  2000 |  90 |  0.588 |  33 [28-38] |  454372
China |  2010 |  90 |  0.699 |  86 [76-98] |  908399
China |  2011 |  90 |  0.707 |  88 [78-100] |  899669
China |  2012 |  90 |  0.718 |  89 [79-100] |  890645
Fiji |  1990 |  90 |  0.631 |  28 [25-32] |  226
Fiji |  2000 |  90 |  0.678 |  33 [29-37] |  144
Fiji |  2010 |  90 |  0.717 |  79 [70-90] |  189
Fiji |  2011 |  90 |  0.720 |  95 [84-110] |  215
Fiji |  2012 |  90 |  0.722 |  99 [87-110] |  210
Mongolia |  1990 |  90 |  0.578 |  19 [16-22] |  1659
Mongolia |  2000 |  90 |  0.589 |  51 [46-57] |  3109
Mongolia |  2010 |  90 |  0.695 |  73 [68-79] |  4458
Mongolia |  2011 |  90 |  0.706 |  69 [64-74] |  4217
Mongolia |  2012 |  90 |  0.714 |  66 [62-71] |  4128
Thailand |  1990 |  93 |  0.572 |  60 [50-72] |  46510
Thailand |  2000 |  93 |  0.648 |  32 [27-39] |  34187
Thailand |  2010 |  93 |  0.716 |  79 [66-95] |  67128
Thailand |  2011 |  93 |  0.721 |  80 [67-97] |  65824
Thailand |  2012 |  93 |  0.723 |  76 [64-92] |  60304
Dominica |  1990 |  94 |   |  57 [40-91] |  6
Dominica |  2010 |  94 |  0.723 |  86 [72-100] |  8
Dominica |  2011 |  94 |  0.723 |  22 [18-26] |  2
Dominica |  2012 |  94 |  0.723 |  75 [63-92] |  7
Libya |  1990 |  94 |  0.679 |  26 [22-32] |  442
Libya |  2000 |  94 |  0.731 |  65 [54-79] |  1341
Libya |  2011 |  94 |  0.711 |  62 [52-76] |  1518
Libya |  2012 |  94 |  0.745 |  63 [53-77] |  1549
Tunisia |  1990 |  96 |  0.567 |  89 [78-100] |  2054
Tunisia |  2000 |  96 |  0.654 |  86 [76-98] |  2038
Tunisia |  2010 |  96 |  0.714 |  79 [70-90] |  2368
Tunisia |  2011 |  96 |  0.715 |  94 [83-110] |  3015
Tunisia |  2012 |  96 |  0.719 |  96 [84-110] |  3239
Colombia |  1990 |  97 |  0.596 |  70 [50-100] |  12447
Colombia |  2000 |  97 |  0.654 |  68 [56-83] |  11630
Colombia |  2010 |  97 |  0.706 |  71 [60-86] |  11420
Colombia |  2011 |  97 |  0.713 |  75 [63-91] |  11884
Colombia |  2012 |  97 |  0.715 |  73 [61-88] |  11424
Saint Vincent and the Grenadines |  1990 |  97 |   |  6.8 [4.6-11] |  2
Saint Vincent and the Grenadines |  2000 |  97 |  0.674 |  57 [48-70] |  16
Saint Vincent and the Grenadines |  2010 |  97 |  0.711 |  56 [47-68] |  15
Saint Vincent and the Grenadines |  2011 |  97 |  0.713 |  64 [54-78] |  17
Saint Vincent and the Grenadines |  2012 |  97 |  0.715 |  110 [96-140] |  30
Jamaica |  1990 |  99 |  0.671 |  79 [59-110] |  123
Jamaica |  2000 |  99 |  0.700 |  75 [63-92] |  127
Jamaica |  2010 |  99 |  0.727 |  72 [61-88] |  130
Jamaica |  2011 |  99 |  0.727 |  58 [49-70] |  105
Jamaica |  2012 |  99 |  0.723 |  50 [42-61] |  91
Tonga |  1990 |  100 |  0.650 |  64 [54-76] |  23
Tonga |  2000 |  100 |  0.671 |  88 [70-110] |  24
Tonga |  2010 |  100 |  0.713 |  63 [54-75] |  11
Tonga |  2011 |  100 |  0.716 |  55 [47-66] |  9
Tonga |  2012 |  100 |  0.717 |  73 [62-87] |  11
Belize |  1990 |  101 |  0.644 |  76 [56-110] |  57
Belize |  2000 |  101 |  0.683 |  110 [93-140] |  106
Belize |  2010 |  101 |  0.709 |  120 [98-140] |  145
Belize |  2011 |  101 |  0.711 |  59 [49-72] |  74
Belize |  2012 |  101 |  0.716 |  65 [54-79] |  84
Dominican Republic |  1990 |  101 |  0.596 |  24 [16-39] |  2597
Dominican Republic |  2000 |  101 |  0.655 |  61 [51-75] |  5291
Dominican Republic |  2010 |  101 |  0.701 |  59 [49-71] |  3964
Dominican Republic |  2011 |  101 |  0.704 |  66 [55-80] |  4309
Dominican Republic |  2012 |  101 |  0.708 |  67 [56-81] |  4262
Suriname |  1990 |  103 |   |  32 [22-50] |  82
Suriname |  2000 |  103 |   |  22 [15-34] |  89
Suriname |  2010 |  103 |  0.707 |  79 [57-120] |  194
Suriname |  2011 |  103 |  0.709 |  54 [41-74] |  125
Suriname |  2012 |  103 |  0.711 |  58 [44-80] |  128
Maldives |  1990 |  104 |   |  47 [32-76] |  152
Maldives |  2000 |  104 |  0.603 |  80 [66-98] |  132
Maldives |  2010 |  104 |  0.683 |  80 [66-98] |  95
Maldives |  2011 |  104 |  0.690 |  80 [66-98] |  87
Maldives |  2012 |  104 |  0.695 |  80 [66-98] |  110
Samoa |  1990 |  105 |  0.621 |  75 [62-93] |  44
Samoa |  2000 |  105 |  0.649 |  110 [82-140] |  43
Samoa |  2010 |  105 |  0.696 |  45 [37-56] |  14
Samoa |  2011 |  105 |  0.698 |  62 [51-78] |  20
Samoa |  2012 |  105 |  0.700 |  66 [55-82] |  22
Botswana |  1990 |  106 |  0.584 |  40 [21-100] |  2938
Botswana |  2000 |  106 |  0.561 |  58 [47-72] |  9292
Botswana |  2010 |  106 |  0.681 |  71 [64-79] |  7013
Botswana |  2011 |  106 |  0.688 |  73 [66-82] |  6603
Botswana |  2012 |  106 |  0.691 |  75 [68-84] |  6161
Republic of Moldova |  1990 |  107 |  0.652 |  74 [62-89] |  1728
Republic of Moldova |  2000 |  107 |  0.597 |  49 [41-59] |  2935
Republic of Moldova |  2010 |  107 |  0.672 |  70 [59-85] |  4135
Republic of Moldova |  2011 |  107 |  0.679 |  74 [62-90] |  4233
Republic of Moldova |  2012 |  107 |  0.683 |  79 [66-95] |  4409
Egypt |  1990 |  108 |  0.546 |  11 [9.4-13] |  2142
Egypt |  2000 |  108 |  0.622 |  63 [54-75] |  10762
Egypt |  2010 |  108 |  0.681 |  66 [57-78] |  9260
Egypt |  2011 |  108 |  0.682 |  65 [56-76] |  8974
Egypt |  2012 |  108 |  0.688 |  62 [54-73] |  8453
Turkmenistan |  1990 |  109 |   |  67 [55-83] |  2325
Turkmenistan |  2000 |  109 |   |  43 [36-53] |  4038
Turkmenistan |  2010 |  109 |  0.666 |  62 [53-74] |  3230
Gabon |  1990 |  110 |  0.620 |  44 [37-53] |  917
Gabon |  2010 |  110 |  0.663 |  51 [43-62] |  3790
Gabon |  2011 |  110 |  0.668 |  61 [52-74] |  4404
Gabon |  2012 |  110 |  0.673 |  71 [59-85] |  4929
Indonesia |  1990 |  110 |  0.531 |  20 [15-28] |  74470
Indonesia |  2000 |  110 |  0.606 |  20 [16-25] |  84591
Indonesia |  2010 |  110 |  0.665 |  66 [56-80] |  300659
Indonesia |  2011 |  110 |  0.671 |  70 [59-85] |  318949
Indonesia |  2012 |  110 |  0.678 |  72 [61-87] |  328824
Paraguay |  1990 |  112 |  0.579 |  77 [71-84] |  2167
Paraguay |  2000 |  112 |  0.623 |  74 [69-81] |  1950
Paraguay |  2010 |  112 |  0.668 |  79 [73-86] |  2352
Paraguay |  2011 |  112 |  0.671 |  79 [73-86] |  2372
Paraguay |  2012 |  112 |  0.669 |  81 [75-88] |  2416
Uzbekistan |  1990 |  114 |   |  37 [31-44] |  9414
Uzbekistan |  2000 |  114 |  0.594 |  22 [19-27] |  15750
Uzbekistan |  2010 |  114 |  0.655 |  50 [42-60] |  16883
Uzbekistan |  2011 |  114 |  0.661 |  54 [45-65] |  15345
Uzbekistan |  2012 |  114 |  0.668 |  66 [56-80] |  14832
Philippines |  1990 |  115 |  0.586 |  130 [88-210] |  317008
Philippines |  2000 |  115 |  0.623 |  47 [39-57] |  119914
Philippines |  2010 |  115 |  0.654 |  65 [54-79] |  166323
Philippines |  2011 |  115 |  0.653 |  76 [64-92] |  195560
Philippines |  2012 |  115 |  0.657 |  84 [71-100] |  216627
El Salvador |  1990 |  116 |  0.522 |  70 [50-100] |  2367
El Salvador |  2000 |  116 |  0.603 |  68 [56-83] |  1485
El Salvador |  2010 |  116 |  0.653 |  96 [83-110] |  1700
El Salvador |  2011 |  116 |  0.658 |  110 [98-130] |  1896
El Salvador |  2012 |  116 |  0.662 |  130 [110-150] |  2053
South Africa |  1990 |  116 |  0.621 |  73 [53-110] |  80400
South Africa |  2000 |  116 |  0.632 |  59 [49-72] |  151239
South Africa |  2010 |  116 |  0.643 |  70 [59-85] |  354786
South Africa |  2011 |  116 |  0.651 |  70 [59-85] |  362453
South Africa |  2012 |  116 |  0.659 |  62 [52-75] |  323664
Viet Nam |  1990 |  116 |  0.475 |  29 [21-42] |  50203
Viet Nam |  2000 |  116 |  0.575 |  56 [43-78] |  89792
Viet Nam |  2010 |  116 |  0.653 |  70 [54-95] |  97448
Viet Nam |  2011 |  116 |  0.657 |  73 [56-98] |  98804
Viet Nam |  2012 |  116 |  0.660 |  76 [59-100] |  102112
Bolivia (Plurinational State of) |  1990 |  119 |  0.536 |  65 [46-99] |  11166
Bolivia (Plurinational State of) |  2000 |  119 |  0.603 |  65 [54-79] |  10127
Bolivia (Plurinational State of) |  2010 |  119 |  0.641 |  61 [51-74] |  8363
Bolivia (Plurinational State of) |  2011 |  119 |  0.647 |  63 [53-76] |  8521
Bolivia (Plurinational State of) |  2012 |  119 |  0.654 |  62 [52-75] |  8257
Kyrgyzstan |  1990 |  120 |  0.615 |  57 [48-69] |  2306
Kyrgyzstan |  2000 |  120 |  0.593 |  50 [42-61] |  6205
Kyrgyzstan |  2010 |  120 |  0.634 |  75 [63-91] |  5652
Kyrgyzstan |  2011 |  120 |  0.639 |  78 [66-95] |  5980
Kyrgyzstan |  2012 |  120 |  0.645 |  80 [67-97] |  6195
Iraq |  1990 |  121 |  0.572 |  160 [140-180] |  14735
Iraq |  2000 |  121 |  0.606 |  81 [71-93] |  9697
Iraq |  2010 |  121 |  0.645 |  69 [61-79] |  9707
Iraq |  2011 |  121 |  0.648 |  62 [54-71] |  8837
Iraq |  2012 |  121 |  0.654 |  59 [52-68] |  8664
Cabo Verde |  1990 |  122 |   |  36 [24-58] |  221
Cabo Verde |  2010 |  122 |  0.629 |  50 [42-60] |  356
Cabo Verde |  2011 |  122 |  0.637 |  53 [45-65] |  380
Cabo Verde |  2012 |  122 |  0.639 |  59 [49-72] |  420
Micronesia (Federated States of) |  1990 |  123 |   |  100 [46-370] |  367
Micronesia (Federated States of) |  2000 |  123 |  0.603 |  30 [23-42] |  91
Micronesia (Federated States of) |  2010 |  123 |  0.638 |  77 [43-180] |  164
Micronesia (Federated States of) |  2011 |  123 |  0.640 |  72 [40-170] |  148
Micronesia (Federated States of) |  2012 |  123 |  0.641 |  72 [40-170] |  144
Guyana |  1990 |  124 |  0.542 |  26 [18-42] |  168
Guyana |  2000 |  124 |  0.602 |  54 [45-67] |  422
Guyana |  2010 |  124 |  0.624 |  82 [68-99] |  712
Guyana |  2011 |  124 |  0.630 |  82 [68-99] |  710
Guyana |  2012 |  124 |  0.629 |  86 [72-100] |  748
Nicaragua |  1990 |  125 |  0.495 |  66 [47-100] |  2944
Nicaragua |  2000 |  125 |  0.565 |  70 [58-85] |  2402
Nicaragua |  2010 |  125 |  0.619 |  100 [86-120] |  2448
Nicaragua |  2011 |  125 |  0.623 |  110 [98-130] |  2693
Nicaragua |  2012 |  125 |  0.625 |  120 [110-140] |  2790
Morocco |  1990 |  126 |  0.457 |  76 [59-100] |  27658
Morocco |  2000 |  126 |  0.528 |  86 [76-98] |  28852
Morocco |  2010 |  126 |  0.611 |  89 [79-100] |  28359
Morocco |  2011 |  126 |  0.621 |  87 [77-99] |  28640
Morocco |  2012 |  126 |  0.623 |  86 [75-98] |  28635
Namibia |  1990 |  126 |  0.578 |  50 [40-63] |  2671
Namibia |  2000 |  126 |  0.556 |  40 [33-51] |  10799
Namibia |  2010 |  126 |  0.610 |  60 [48-75] |  11281
Namibia |  2011 |  126 |  0.616 |  67 [55-85] |  10806
Namibia |  2012 |  126 |  0.620 |  68 [55-84] |  10003
Guatemala |  1990 |  128 |  0.483 |  58 [39-92] |  3813
Guatemala |  2000 |  128 |  0.552 |  38 [32-47] |  2913
Guatemala |  2010 |  128 |  0.611 |  38 [32-46] |  3322
Guatemala |  2011 |  128 |  0.617 |  34 [28-41] |  3040
Guatemala |  2012 |  128 |  0.624 |  38 [32-46] |  3442
Tajikistan |  1990 |  129 |  0.616 |  67 [56-81] |  2460
Tajikistan |  2000 |  129 |  0.535 |  20 [17-25] |  2779
Tajikistan |  2010 |  129 |  0.608 |  71 [60-86] |  6994
Tajikistan |  2011 |  129 |  0.612 |  76 [64-93] |  7035
Tajikistan |  2012 |  129 |  0.617 |  75 [63-91] |  6508
India |  1990 |  130 |  0.428 |  81 [69-96] |  1519182
India |  2000 |  130 |  0.496 |  49 [45-55] |  1115718
India |  2010 |  130 |  0.586 |  60 [54-66] |  1339866
India |  2011 |  130 |  0.597 |  60 [54-66] |  1323949
India |  2012 |  130 |  0.600 |  59 [54-66] |  1289836
Honduras |  1990 |  131 |  0.507 |  66 [46-100] |  3647
Honduras |  2000 |  131 |  0.557 |  90 [63-140] |  6406
Honduras |  2010 |  131 |  0.610 |  70 [49-110] |  2876
Honduras |  2011 |  131 |  0.612 |  77 [54-120] |  3233
Honduras |  2012 |  131 |  0.607 |  70 [49-110] |  3014
Bhutan |  1990 |  132 |   |  27 [24-32] |  1154
Bhutan |  2000 |  132 |   |  50 [44-59] |  1140
Bhutan |  2010 |  132 |  0.573 |  89 [77-100] |  1311
Bhutan |  2011 |  132 |  0.582 |  88 [76-100] |  1235
Bhutan |  2012 |  132 |  0.589 |  85 [73-99] |  1130
Timor-Leste |  2011 |  133 |  0.611 |  80 [67-98] |  4386
Timor-Leste |  2012 |  133 |  0.604 |  69 [58-84] |  3828
Syrian Arab Republic |  1990 |  134 |  0.553 |  80 [59-110] |  6018
Syrian Arab Republic |  2000 |  134 |  0.586 |  89 [77-100] |  5090
Syrian Arab Republic |  2010 |  134 |  0.639 |  86 [72-100] |  3666
Syrian Arab Republic |  2011 |  134 |  0.635 |  88 [74-110] |  3620
Syrian Arab Republic |  2012 |  134 |  0.623 |  77 [65-93] |  3003
Vanuatu |  1990 |  134 |   |  75 [62-93] |  140
Vanuatu |  2000 |  134 |   |  75 [62-93] |  152
Vanuatu |  2010 |  134 |  0.589 |  71 [59-86] |  116
Vanuatu |  2011 |  134 |  0.590 |  68 [57-83] |  110
Vanuatu |  2012 |  134 |  0.590 |  78 [66-95] |  125
Congo |  1990 |  136 |  0.534 |  15 [9.9-24] |  591
Congo |  2000 |  136 |  0.489 |  84 [72-99] |  9239
Congo |  2010 |  136 |  0.554 |  63 [53-77] |  10150
Congo |  2011 |  136 |  0.560 |  67 [56-82] |  10975
Congo |  2012 |  136 |  0.575 |  68 [57-84] |  11303
Kiribati |  1990 |  137 |   |  82 [67-100] |  68
Kiribati |  2000 |  137 |   |  82 [67-100] |  252
Kiribati |  2010 |  137 |  0.588 |  80 [66-98] |  286
Kiribati |  2011 |  137 |  0.585 |  80 [66-98] |  343
Kiribati |  2012 |  137 |  0.587 |  80 [66-98] |  346
Equatorial Guinea |  1990 |  138 |   |  87 [77-99] |  260
Equatorial Guinea |  2010 |  138 |  0.591 |  87 [77-99] |  820
Equatorial Guinea |  2011 |  138 |  0.590 |  87 [77-99] |  883
Zambia |  1990 |  139 |  0.403 |  30 [27-34] |  16863
Zambia |  2000 |  139 |  0.433 |  69 [64-75] |  49806
Zambia |  2010 |  139 |  0.555 |  72 [66-80] |  44154
Zambia |  2011 |  139 |  0.565 |  72 [65-80] |  43583
Zambia |  2012 |  139 |  0.576 |  68 [62-75] |  40726
Ghana |  1990 |  140 |  0.456 |  28 [16-63] |  6407
Ghana |  2000 |  140 |  0.485 |  38 [26-60] |  10933
Ghana |  2010 |  140 |  0.554 |  70 [62-80] |  14607
Ghana |  2011 |  140 |  0.566 |  79 [70-90] |  15389
Ghana |  2012 |  140 |  0.572 |  81 [71-92] |  14753
Lao People's Democratic Republic |  1990 |  141 |  0.397 |  8.7 [5.9-14] |  1826
Lao People's Democratic Republic |  2000 |  141 |  0.462 |  13 [8.5-20] |  2227
Lao People's Democratic Republic |  2010 |  141 |  0.539 |  29 [19-46] |  4061
Lao People's Democratic Republic |  2011 |  141 |  0.552 |  31 [21-51] |  4360
Lao People's Democratic Republic |  2012 |  141 |  0.562 |  30 [21-49] |  4118
Bangladesh |  1990 |  142 |  0.386 |  20 [14-33] |  48673
Bangladesh |  2000 |  142 |  0.468 |  25 [21-31] |  75557
Bangladesh |  2010 |  142 |  0.546 |  45 [38-55] |  153892
Bangladesh |  2011 |  142 |  0.559 |  45 [38-55] |  154358
Bangladesh |  2012 |  142 |  0.563 |  49 [41-59] |  168683
Cambodia |  1990 |  143 |  0.364 |  12 [9.4-17] |  6501
Cambodia |  2000 |  143 |  0.419 |  27 [22-34] |  18891
Cambodia |  2010 |  143 |  0.536 |  64 [56-75] |  40460
Cambodia |  2011 |  143 |  0.541 |  62 [54-73] |  38555
Cambodia |  2012 |  143 |  0.546 |  66 [57-77] |  40185
Sao Tome and Principe |  1990 |  143 |  0.455 |  11 [7.3-17] |  17
Sao Tome and Principe |  2000 |  143 |  0.491 |  61 [51-75] |  97
Sao Tome and Principe |  2010 |  143 |  0.544 |  71 [59-86] |  121
Sao Tome and Principe |  2011 |  143 |  0.548 |  79 [66-96] |  136
Sao Tome and Principe |  2012 |  143 |  0.552 |  66 [55-80] |  115
Kenya |  1990 |  145 |  0.473 |  36 [32-41] |  11788
Kenya |  2000 |  145 |  0.447 |  72 [67-77] |  64159
Kenya |  2010 |  145 |  0.529 |  81 [78-85] |  99272
Kenya |  2011 |  145 |  0.535 |  80 [77-84] |  97320
Kenya |  2012 |  145 |  0.539 |  79 [76-83] |  92987
Nepal |  1990 |  145 |  0.384 |  34 [23-56] |  10142
Nepal |  2000 |  145 |  0.451 |  78 [65-95] |  29519
Nepal |  2010 |  145 |  0.531 |  80 [67-97] |  35114
Nepal |  2011 |  145 |  0.536 |  80 [67-97] |  35434
Nepal |  2012 |  145 |  0.540 |  78 [66-95] |  35195
Pakistan |  1990 |  147 |  0.399 |  61 [41-99] |  156759
Pakistan |  2000 |  147 |  0.444 |  3.3 [2.8-4.1] |  11050
Pakistan |  2010 |  147 |  0.522 |  66 [55-80] |  264235
Pakistan |  2011 |  147 |  0.527 |  65 [54-79] |  264934
Pakistan |  2012 |  147 |  0.532 |  65 [54-78] |  267475
Myanmar |  1990 |  148 |  0.352 |  7.5 [5.8-10] |  12416
Myanmar |  2000 |  148 |  0.425 |  15 [13-19] |  30840
Myanmar |  2010 |  148 |  0.520 |  66 [57-77] |  131590
Myanmar |  2011 |  148 |  0.524 |  69 [59-80] |  136737
Myanmar |  2012 |  148 |  0.528 |  71 [62-83] |  141170
Angola |  1990 |  149 |   |  48 [33-78] |  10271
Angola |  2000 |  149 |  0.390 |  46 [38-56] |  16062
Angola |  2010 |  149 |  0.509 |  75 [64-89] |  44655
Angola |  2011 |  149 |  0.521 |  76 [65-90] |  47240
Angola |  2012 |  149 |  0.524 |  79 [67-94] |  51819
Swaziland |  2000 |  150 |  0.496 |  69 [57-84] |  5877
Swaziland |  2010 |  150 |  0.525 |  66 [55-80] |  10101
Swaziland |  2011 |  150 |  0.528 |  52 [44-63] |  8337
Swaziland |  2012 |  150 |  0.529 |  43 [36-52] |  7165
United Republic of Tanzania |  1990 |  151 |  0.369 |  39 [33-45] |  22249
United Republic of Tanzania |  2000 |  151 |  0.392 |  68 [60-77] |  54442
United Republic of Tanzania |  2010 |  151 |  0.500 |  77 [72-82] |  61098
United Republic of Tanzania |  2011 |  151 |  0.506 |  76 [71-81] |  59357
United Republic of Tanzania |  2012 |  151 |  0.510 |  79 [74-84] |  62178
Nigeria |  1990 |  152 |   |  16 [4-1600] |  20122
Nigeria |  2000 |  152 |   |  12 [3.9-170] |  25821
Nigeria |  2010 |  152 |  0.493 |  40 [23-82] |  84121
Nigeria |  2011 |  152 |  0.499 |  45 [26-95] |  86778
Nigeria |  2012 |  152 |  0.505 |  51 [29-110] |  92818
Cameroon |  1990 |  153 |  0.443 |  44 [37-53] |  5892
Cameroon |  2000 |  153 |  0.437 |  11 [8.9-13] |  5251
Cameroon |  2010 |  153 |  0.486 |  43 [36-52] |  24073
Cameroon |  2011 |  153 |  0.496 |  48 [40-58] |  24533
Cameroon |  2012 |  153 |  0.501 |  48 [40-58] |  24802
Madagascar |  1990 |  154 |   |  14 [12-17] |  6261
Madagascar |  2010 |  154 |  0.504 |  48 [40-58] |  24432
Madagascar |  2011 |  154 |  0.505 |  50 [42-61] |  26019
Madagascar |  2012 |  154 |  0.507 |  49 [41-60] |  25782
Zimbabwe |  1990 |  155 |  0.499 |  29 [18-55] |  9132
Zimbabwe |  2000 |  155 |  0.428 |  56 [45-71] |  50855
Zimbabwe |  2010 |  155 |  0.461 |  53 [43-69] |  44209
Zimbabwe |  2011 |  155 |  0.474 |  48 [38-62] |  38404
Zimbabwe |  2012 |  155 |  0.491 |  46 [37-60] |  35760
Mauritania |  1990 |  156 |  0.373 |  110 [78-190] |  5284
Mauritania |  2000 |  156 |  0.442 |  41 [34-50] |  3067
Mauritania |  2010 |  156 |  0.488 |  20 [17-25] |  2461
Mauritania |  2011 |  156 |  0.489 |  14 [12-17] |  1804
Mauritania |  2012 |  156 |  0.498 |  20 [16-24] |  2616
Solomon Islands |  1990 |  156 |   |  39 [27-64] |  382
Solomon Islands |  2000 |  156 |  0.446 |  40 [33-49] |  302
Solomon Islands |  2010 |  156 |  0.494 |  59 [50-72] |  338
Solomon Islands |  2011 |  156 |  0.501 |  72 [60-87] |  398
Solomon Islands |  2012 |  156 |  0.504 |  67 [57-82] |  361
Papua New Guinea |  1990 |  158 |  0.353 |  19 [14-30] |  2497
Papua New Guinea |  2000 |  158 |  0.424 |  56 [40-85] |  10520
Papua New Guinea |  2010 |  158 |  0.493 |  61 [43-92] |  14531
Papua New Guinea |  2011 |  158 |  0.497 |  61 [44-93] |  14893
Papua New Guinea |  2012 |  158 |  0.501 |  82 [59-120] |  20557
Comoros |  1990 |  159 |   |  63 [53-76] |  140
Comoros |  2000 |  159 |   |  58 [49-71] |  120
Comoros |  2011 |  159 |  0.493 |  49 [41-59] |  117
Comoros |  2012 |  159 |  0.499 |  49 [41-59] |  120
Yemen |  1990 |  160 |  0.400 |  29 [20-47] |  4650
Yemen |  2000 |  160 |  0.441 |  67 [56-83] |  13651
Yemen |  2010 |  160 |  0.496 |  80 [67-97] |  8916
Yemen |  2011 |  160 |  0.495 |  76 [64-92] |  8636
Yemen |  2012 |  160 |  0.496 |  85 [71-100] |  9867
Lesotho |  1990 |  161 |  0.493 |  86 [66-120] |  2525
Lesotho |  2000 |  161 |  0.443 |  95 [84-110] |  9746
Lesotho |  2010 |  161 |  0.472 |  92 [81-110] |  11674
Lesotho |  2011 |  161 |  0.480 |  90 [79-100] |  11561
Lesotho |  2012 |  161 |  0.484 |  83 [73-95] |  10776
Togo |  1990 |  162 |  0.404 |  74 [62-90] |  1324
Togo |  2000 |  162 |  0.426 |  40 [34-49] |  1409
Togo |  2010 |  162 |  0.459 |  61 [51-74] |  2791
Togo |  2011 |  162 |  0.468 |  61 [51-74] |  2888
Togo |  2012 |  162 |  0.470 |  59 [49-71] |  2843
Haiti |  2000 |  163 |  0.442 |  45 [37-55] |  10420
Haiti |  2010 |  163 |  0.471 |  62 [52-76] |  14222
Haiti |  2011 |  163 |  0.475 |  64 [54-78] |  14315
Haiti |  2012 |  163 |  0.479 |  76 [64-93] |  16568
Rwanda |  1990 |  163 |  0.244 |  30 [27-34] |  6387
Rwanda |  2000 |  163 |  0.333 |  22 [20-25] |  6093
Rwanda |  2010 |  163 |  0.453 |  59 [53-66] |  6703
Rwanda |  2011 |  163 |  0.464 |  63 [57-71] |  6623
Rwanda |  2012 |  163 |  0.476 |  62 [56-69] |  6091
Uganda |  1990 |  163 |  0.308 |  13 [8.3-26] |  14740
Uganda |  2000 |  163 |  0.393 |  29 [20-48] |  30372
Uganda |  2010 |  163 |  0.473 |  60 [50-75] |  42885
Uganda |  2011 |  163 |  0.473 |  68 [56-84] |  46306
Uganda |  2012 |  163 |  0.476 |  69 [57-85] |  44663
Benin |  1990 |  166 |  0.344 |  32 [27-39] |  2074
Benin |  2000 |  166 |  0.392 |  45 [38-55] |  2697
Benin |  2010 |  166 |  0.468 |  57 [48-69] |  3756
Benin |  2011 |  166 |  0.473 |  62 [52-75] |  4212
Benin |  2012 |  166 |  0.475 |  57 [48-68] |  3966
Sudan |  1990 |  167 |  0.331 |  0.48 [0.41-0.59] |  212
Sudan |  2000 |  167 |  0.400 |  50 [42-61] |  24807
Sudan |  2010 |  167 |  0.465 |  48 [40-58] |  26131
Sudan |  2011 |  167 |  0.466 |  46 [38-55] |  19348
Sudan |  2012 |  167 |  0.476 |  44 [37-54] |  18775
Djibouti |  1990 |  168 |   |  57 [40-90] |  2100
Djibouti |  2000 |  168 |  0.365 |  89 [76-100] |  3971
Djibouti |  2010 |  168 |  0.453 |  81 [68-98] |  4172
Djibouti |  2011 |  168 |  0.462 |  70 [59-85] |  3686
Djibouti |  2012 |  168 |  0.465 |  65 [55-79] |  3474
South Sudan |  2011 |  169 |  0.458 |  48 [40-58] |  7217
South Sudan |  2012 |  169 |  0.457 |  53 [45-64] |  8403
Senegal |  1990 |  170 |  0.367 |  48 [40-58] |  4977
Senegal |  2000 |  170 |  0.380 |  56 [47-68] |  8508
Senegal |  2010 |  170 |  0.456 |  63 [52-76] |  11061
Senegal |  2011 |  170 |  0.458 |  61 [51-74] |  11022
Senegal |  2012 |  170 |  0.461 |  65 [55-79] |  12265
Afghanistan |  1990 |  171 |  0.297 |  20 [13-32] |  4332
Afghanistan |  2000 |  171 |  0.334 |  18 [15-22] |  7107
Afghanistan |  2010 |  171 |  0.448 |  52 [44-63] |  28029
Afghanistan |  2011 |  171 |  0.456 |  51 [43-62] |  27983
Afghanistan |  2012 |  171 |  0.463 |  52 [44-63] |  29381
Malawi |  1990 |  173 |  0.284 |  40 [30-57] |  12395
Malawi |  2000 |  173 |  0.340 |  45 [38-54] |  23604
Malawi |  2010 |  173 |  0.420 |  64 [59-69] |  21092
Malawi |  2011 |  173 |  0.429 |  66 [61-71] |  19361
Malawi |  2012 |  173 |  0.433 |  78 [73-85] |  20335
Ethiopia |  1990 |  174 |   |  50 [33-85] |  88634
Ethiopia |  2000 |  174 |  0.284 |  33 [22-55] |  91101
Ethiopia |  2010 |  174 |  0.412 |  66 [49-93] |  154694
Ethiopia |  2011 |  174 |  0.423 |  68 [52-91] |  156539
Ethiopia |  2012 |  174 |  0.429 |  64 [49-87] |  145323
Gambia |  2000 |  175 |  0.384 |  56 [47-69] |  1553
Gambia |  2010 |  175 |  0.441 |  43 [36-52] |  1989
Gambia |  2011 |  175 |  0.437 |  48 [40-58] |  2302
Gambia |  2012 |  175 |  0.440 |  46 [39-56] |  2333
Congo |  1990 |  176 |  0.355 |  15 [9.9-24] |  591
Congo |  2000 |  176 |  0.329 |  84 [72-99] |  9239
Congo |  2010 |  176 |  0.408 |  63 [53-77] |  10150
Congo |  2011 |  176 |  0.418 |  67 [56-82] |  10975
Congo |  2012 |  176 |  0.423 |  68 [57-84] |  11303
Liberia |  2000 |  177 |  0.359 |  21 [18-26] |  1500
Liberia |  2010 |  177 |  0.405 |  57 [48-69] |  6597
Liberia |  2011 |  177 |  0.414 |  65 [54-79] |  7906
Liberia |  2012 |  177 |  0.419 |  64 [53-77] |  8093
Guinea-Bissau |  1990 |  178 |   |  73 [53-110] |  1163
Guinea-Bissau |  2000 |  178 |   |  52 [43-64] |  1273
Guinea-Bissau |  2010 |  178 |  0.413 |  59 [50-72] |  2183
Guinea-Bissau |  2011 |  178 |  0.417 |  53 [45-65] |  2063
Guinea-Bissau |  2012 |  178 |  0.417 |  48 [40-58] |  1939
Mali |  1990 |  179 |  0.233 |  49 [46-51] |  2933
Mali |  2000 |  179 |  0.313 |  53 [51-56] |  4216
Mali |  2010 |  179 |  0.409 |  60 [57-63] |  5291
Mali |  2011 |  179 |  0.415 |  61 [58-64] |  5428
Mali |  2012 |  179 |  0.414 |  61 [58-64] |  5446
Mozambique |  1990 |  180 |  0.218 |  29 [11-190] |  15899
Mozambique |  2000 |  180 |  0.300 |  23 [13-51] |  21158
Mozambique |  2010 |  180 |  0.401 |  33 [25-48] |  43558
Mozambique |  2011 |  180 |  0.405 |  33 [24-48] |  44627
Mozambique |  2012 |  180 |  0.408 |  34 [25-50] |  47741
Sierra Leone |  1990 |  181 |  0.262 |  7.5 [5.1-12] |  632
Sierra Leone |  2000 |  181 |  0.299 |  34 [27-46] |  3760
Sierra Leone |  2010 |  181 |  0.388 |  34 [28-41] |  12859
Sierra Leone |  2011 |  181 |  0.394 |  32 [27-40] |  12734
Sierra Leone |  2012 |  181 |  0.397 |  32 [27-40] |  13074
Guinea |  1990 |  182 |   |  13 [11-16] |  1988
Guinea |  2000 |  182 |  0.323 |  27 [22-32] |  5440
Guinea |  2010 |  182 |  0.388 |  54 [45-66] |  11038
Guinea |  2011 |  182 |  0.399 |  55 [47-67] |  11359
Guinea |  2012 |  182 |  0.409 |  56 [47-68] |  11407
Burkina Faso |  1990 |  183 |   |  20 [17-23] |  1497
Burkina Faso |  2000 |  183 |   |  28 [24-33] |  2331
Burkina Faso |  2010 |  183 |  0.378 |  54 [46-63] |  4800
Burkina Faso |  2011 |  183 |  0.385 |  58 [50-68] |  5286
Burkina Faso |  2012 |  183 |  0.393 |  58 [50-69] |  5210
Burundi |  1990 |  184 |  0.295 |  50 [45-57] |  4575
Burundi |  2000 |  184 |  0.301 |  33 [30-38] |  6421
Burundi |  2010 |  184 |  0.390 |  57 [51-65] |  7611
Burundi |  2011 |  184 |  0.392 |  51 [45-58] |  6742
Burundi |  2012 |  184 |  0.395 |  54 [48-62] |  6921
Chad |  1990 |  185 |   |  46 [39-56] |  2591
Chad |  2010 |  185 |  0.371 |  53 [45-65] |  9452
Chad |  2011 |  185 |  0.382 |  58 [48-70] |  10505
Chad |  2012 |  185 |  0.386 |  56 [47-68] |  10585
Eritrea |  1990 |  186 |   |  46 [33-70] |  3699
Eritrea |  2000 |  186 |   |  110 [77-160] |  6652
Eritrea |  2010 |  186 |  0.381 |  50 [36-75] |  2870
Eritrea |  2011 |  186 |  0.386 |  53 [38-80] |  3049
Eritrea |  2012 |  186 |  0.390 |  55 [39-83] |  3143
Central African Republic |  1990 |  187 |  0.314 |  8.5 [7.1-10] |  2124
Central African Republic |  2010 |  187 |  0.362 |  35 [30-43] |  6643
Central African Republic |  2011 |  187 |  0.368 |  32 [27-38] |  5611
Central African Republic |  2012 |  187 |  0.373 |  49 [41-59] |  8084
Niger |  1990 |  188 |  0.214 |  19 [16-23] |  5200
Niger |  2000 |  188 |  0.257 |  22 [19-27] |  4701
Niger |  2010 |  188 |  0.326 |  56 [47-68] |  10130
Niger |  2011 |  188 |  0.333 |  59 [49-71] |  10510
Niger |  2012 |  188 |  0.342 |  62 [52-75] |  10989
